timestamp,pos_x,pos_y,pos_z,orient_x,orient_y,orient_z,orient_w
1741201533.9227889,0.002109964843839407,-0.07333920896053314,-0.007139514200389385,-0.003702871035784483,0.011348810978233814,-0.2809453308582306,0.9596495628356934
1741201533.92779,0.00220533087849617,-0.07348926365375519,-0.0072066886350512505,-0.0037079767789691687,0.01135381031781435,-0.2809552252292633,0.9596465826034546
1741201533.9327908,0.002199635375291109,-0.07346320897340775,-0.007209773175418377,-0.0037083737552165985,0.011347598396241665,-0.2809496521949768,0.9596483111381531
1741201533.9377906,0.0021867486648261547,-0.07343178242444992,-0.007212198339402676,-0.003711134660989046,0.01134268008172512,-0.2809467017650604,0.9596492052078247
1741201533.947793,0.002158442046493292,-0.07336147874593735,-0.007203773129731417,-0.0037109581753611565,0.011352934874594212,-0.28095710277557373,0.9596459865570068
1741201533.9527948,0.0021430805791169405,-0.07332243770360947,-0.00719711696729064,-0.0037018705625087023,0.011354854330420494,-0.2809731662273407,0.9596413373947144
1741201533.9577959,0.0021262792870402336,-0.07328049093484879,-0.007187959272414446,-0.003700949251651764,0.011348694562911987,-0.2809828221797943,0.9596385359764099
1741201533.9627957,0.0022323988378047943,-0.07345687597990036,-0.007180146407335997,-0.003703902941197157,0.011349779553711414,-0.281000018119812,0.9596335291862488
1741201533.9677968,0.002224172232672572,-0.07342470437288284,-0.007171969395130873,-0.0036996761336922646,0.011358645744621754,-0.28100448846817017,0.9596320986747742
1741201533.9727976,0.002214487874880433,-0.07338909804821014,-0.007163664326071739,-0.0037008700892329216,0.01136246882379055,-0.28100988268852234,0.9596304893493652
1741201533.9827998,0.0021953440736979246,-0.07331065833568573,-0.00716126523911953,-0.0037012051325291395,0.011358344927430153,-0.2810230255126953,0.9596267342567444
1741201534.0028038,0.0022235088981688023,-0.07339130342006683,-0.007245014887303114,-0.00371045945212245,0.011353645473718643,-0.2810242474079132,0.959626317024231
1741201534.0378096,0.002239509718492627,-0.07342197746038437,-0.007186705246567726,-0.0036923030856996775,0.01135138887912035,-0.2809644341468811,0.9596440196037292
1741201534.042811,0.002222353359684348,-0.07338843494653702,-0.007180076092481613,-0.0036981417797505856,0.011339545249938965,-0.28096774220466614,0.9596431255340576
1741201534.0528128,0.002191206207498908,-0.07331577688455582,-0.007160766050219536,-0.0036957361735403538,0.011346379294991493,-0.28095847368240356,0.9596458077430725
1741201534.0678158,0.002309818286448717,-0.07358121126890182,-0.007179483771324158,-0.003709868062287569,0.01135040819644928,-0.2809547185897827,0.9596467018127441
1741201534.0878189,0.0022848406806588173,-0.07349125295877457,-0.007141695823520422,-0.0037112815771251917,0.011346518993377686,-0.2809532880783081,0.9596472382545471
1741201534.0978208,0.0022706433665007353,-0.07352538406848907,-0.007187549956142902,-0.003709696000441909,0.0113762728869915,-0.2809630036354065,0.9596440196037292
1741201534.107823,0.0022410170640796423,-0.07346368581056595,-0.007187625393271446,-0.003712056903168559,0.011369607411324978,-0.2809560000896454,0.9596461653709412
1741201534.1178248,0.002208807971328497,-0.0733925998210907,-0.0071969726122915745,-0.003705443814396858,0.011368785053491592,-0.28096145391464233,0.9596445560455322
1741201534.1378288,0.0021645089145749807,-0.07338317483663559,-0.007172922138124704,-0.003713607555255294,0.011372581124305725,-0.2809947431087494,0.9596347212791443
1741201534.14283,0.0021433597430586815,-0.07334306836128235,-0.007160681765526533,-0.0037108599208295345,0.011362649500370026,-0.28099218010902405,0.9596356749534607
1741201534.1528308,0.0021095185074955225,-0.07326415181159973,-0.007135938853025436,-0.0037052901461720467,0.0113579872995615,-0.280998557806015,0.9596338868141174
1741201534.1578326,0.0020917700603604317,-0.07322206348180771,-0.007122605107724667,-0.0037059085443615913,0.011348227970302105,-0.281004935503006,0.9596320986747742
1741201534.162833,0.0022527400869876146,-0.07352720201015472,-0.007162450347095728,-0.003708366770297289,0.01136020477861166,-0.28100061416625977,0.9596332311630249
1741201534.1728349,0.0022293818183243275,-0.07347710430622101,-0.007153461687266827,-0.0037155798636376858,0.01136308629065752,-0.280985951423645,0.9596374034881592
1741201534.1878376,0.0021919787395745516,-0.07339058071374893,-0.007125047966837883,-0.0037042887415736914,0.011361016891896725,-0.28099408745765686,0.9596351981163025
1741201534.2428477,0.002128595020622015,-0.07332271337509155,-0.007139310706406832,-0.0037217726930975914,0.011334794573485851,-0.2810482680797577,0.9596195220947266
1741201534.2478487,0.002108413027599454,-0.07328101247549057,-0.00712450360879302,-0.003715530736371875,0.011331884190440178,-0.2810560464859009,0.9596173167228699
1741201534.257839,0.0020638632122427225,-0.07318896800279617,-0.007089573424309492,-0.003706409828737378,0.011347421444952488,-0.28105905652046204,0.9596162438392639
1741201534.2628398,0.0021936215925961733,-0.07341396063566208,-0.007193736266344786,-0.0036924637388437986,0.011343760415911674,-0.2810439169406891,0.9596207141876221
1741201534.2778428,0.0021389643661677837,-0.07329990714788437,-0.007143096067011356,-0.0036836194340139627,0.011357691138982773,-0.28105300664901733,0.9596179127693176
1741201534.2828436,0.0021280385553836823,-0.0732627585530281,-0.007132732775062323,-0.003683661576360464,0.011344442144036293,-0.2810513973236084,0.9596186280250549
1741201534.3428547,0.0021511679515242577,-0.07329209893941879,-0.0072132013738155365,-0.0037241666577756405,0.011357379145920277,-0.2810696065425873,0.959613025188446
1741201534.3728597,0.0021674258168786764,-0.0733739361166954,-0.007242764811962843,-0.0037559170741587877,0.011367496103048325,-0.2810460031032562,0.9596197009086609
1741201534.3878627,0.0021102114114910364,-0.07327014207839966,-0.007209780625998974,-0.0037640579976141453,0.011341608129441738,-0.2810553312301636,0.9596171975135803
1741201534.4178689,0.0021502110175788403,-0.07333862781524658,-0.007177563384175301,-0.003734639612957835,0.01135337632149458,-0.28105539083480835,0.9596171379089355
1741201534.437872,0.002254740335047245,-0.07348651438951492,-0.007193883880972862,-0.0037398093845695257,0.011344162747263908,-0.28104186058044434,0.959621250629425
1741201534.4578757,0.002217015950009227,-0.07336517423391342,-0.007163801230490208,-0.003751919372007251,0.0113442437723279,-0.2810456454753876,0.9596199989318848
1741201534.4628766,0.002266711788251996,-0.07348724454641342,-0.007213208358734846,-0.0037572721485048532,0.011355741880834103,-0.28100985288619995,0.9596303105354309
1741201534.4828808,0.002264518989250064,-0.07338473945856094,-0.0072067370638251305,-0.0037635716143995523,0.01135367713868618,-0.28099146485328674,0.9596357941627502
1741201534.4878817,0.0022570202127099037,-0.07334962487220764,-0.0072000883519649506,-0.003761280095204711,0.011363203637301922,-0.28099972009658813,0.9596332311630249
1741201534.5078847,0.0022234218195080757,-0.07339780032634735,-0.007154187187552452,-0.0037536865565925837,0.011369256302714348,-0.2809954881668091,0.9596344828605652
1741201534.5128858,0.00221392628736794,-0.07336416840553284,-0.007140798959881067,-0.0037526709493249655,0.011367672123014927,-0.2809896767139435,0.9596361517906189
1741201534.537891,0.0022459698375314474,-0.07342610508203506,-0.0071716937236487865,-0.0037647713907063007,0.011394036002457142,-0.28096863627433777,0.9596419334411621
1741201534.5428917,0.002246093237772584,-0.0733984112739563,-0.007157301530241966,-0.003760263090953231,0.011399065144360065,-0.2809775173664093,0.959639310836792
1741201534.5528936,0.0022399695590138435,-0.07333284616470337,-0.007123211398720741,-0.003760397667065263,0.011393290013074875,-0.2809700667858124,0.9596415162086487
1741201534.5578947,0.0022407821379601955,-0.07329950481653214,-0.007102309260517359,-0.003761343890801072,0.011398539878427982,-0.2809474766254425,0.9596481323242188
1741201534.567896,0.0022802609018981457,-0.07348739355802536,-0.00719389459118247,-0.003733919933438301,0.01139134168624878,-0.28096523880958557,0.9596431255340576
1741201534.5828986,0.002264101756736636,-0.07340746372938156,-0.007178743835538626,-0.0037442489992827177,0.01136702299118042,-0.28097572922706604,0.9596402645111084
1741201534.5929008,0.0021931061055511236,-0.0734763815999031,-0.007235108409076929,-0.003751056967303157,0.011387387290596962,-0.28097811341285706,0.959639310836792
1741201534.602903,0.0021605207584798336,-0.07342202961444855,-0.007229134440422058,-0.003747293259948492,0.011385459452867508,-0.2809784710407257,0.9596391916275024
1741201534.6129048,0.0021155753638595343,-0.07335225492715836,-0.007227379363030195,-0.0037438611034303904,0.011377760209143162,-0.2809867560863495,0.9596368670463562
1741201534.6329088,0.0021977548021823168,-0.07344849407672882,-0.007167015224695206,-0.0037531782872974873,0.01139039359986782,-0.2809944748878479,0.9596344828605652
1741201534.6429107,0.0021692621521651745,-0.07338383793830872,-0.007150641642510891,-0.003760501043871045,0.011390050873160362,-0.28101256489753723,0.9596291184425354
1741201534.6479106,0.002157395938411355,-0.07334712147712708,-0.007146032992750406,-0.0037645159754902124,0.011379429139196873,-0.2810106575489044,0.9596297740936279
1741201534.6779168,0.002267372328788042,-0.0734378844499588,-0.007124955300241709,-0.0037751924246549606,0.011390178464353085,-0.2809944748878479,0.9596344232559204
1741201534.6829178,0.0022609299048781395,-0.07340295612812042,-0.00710399029776454,-0.003770366543903947,0.011396351270377636,-0.2809973955154419,0.9596335291862488
1741201534.6929197,0.0022607045248150826,-0.0734909251332283,-0.007183418609201908,-0.0037662035319954157,0.011379898525774479,-0.28100067377090454,0.9596326947212219
1741201534.7079227,0.0022363848984241486,-0.07340484112501144,-0.007168591022491455,-0.0037615420296788216,0.011412674561142921,-0.2809925377368927,0.9596347808837891
1741201534.7229247,0.002198454923927784,-0.07329734414815903,-0.007159086875617504,-0.0037659986410290003,0.011421148665249348,-0.28097355365753174,0.9596401453018188
1741201534.7329266,0.002259130822494626,-0.07349902391433716,-0.007191051263362169,-0.0037552930880337954,0.01142340712249279,-0.28097477555274963,0.959639847278595
1741201534.7479298,0.002220525871962309,-0.07340974360704422,-0.007174091413617134,-0.003753876546397805,0.011430449783802032,-0.28095847368240356,0.9596445560455322
1741201534.7529309,0.0022046903613954782,-0.07337449491024017,-0.007167265750467777,-0.003761892206966877,0.011427938006818295,-0.2809400260448456,0.9596499800682068
1741201534.7579317,0.002187425270676613,-0.0733383297920227,-0.007160484790802002,-0.0037660212256014347,0.011424056254327297,-0.28092584013938904,0.9596540927886963
1741201534.7729347,0.002208680845797062,-0.07343842089176178,-0.007162159308791161,-0.0037619711365550756,0.01145229022949934,-0.28093644976615906,0.9596506953239441
1741201534.7879367,0.002158281160518527,-0.07333507388830185,-0.007139963563531637,-0.0037620875518769026,0.011459851637482643,-0.2809593677520752,0.9596439003944397
1741201534.7929378,0.002213522791862488,-0.073501817882061,-0.007187967654317617,-0.0037464573979377747,0.011438293382525444,-0.2809499204158783,0.959646999835968
1741201534.807941,0.0021653117146342993,-0.07341261208057404,-0.007160224486142397,-0.003754196222871542,0.011428512632846832,-0.28094983100891113,0.9596471190452576
1741201534.8129418,0.002152128843590617,-0.07338077574968338,-0.007144608069211245,-0.0037498557940125465,0.011409426108002663,-0.2809557616710663,0.9596456289291382
1741201534.8279448,0.0022125637624412775,-0.07346875965595245,-0.00720294751226902,-0.003739572362974286,0.011414839886128902,-0.28095316886901855,0.9596463441848755
1741201534.837947,0.0021844070870429277,-0.07340488582849503,-0.007205478381365538,-0.003741487395018339,0.01141367107629776,-0.2809535264968872,0.9596462249755859
1741201534.8579497,0.0021313908509910107,-0.07325130701065063,-0.007187677081674337,-0.003744289977476001,0.011422502808272839,-0.2809124290943146,0.959658145904541
1741201534.8629506,0.002237400272861123,-0.07346878945827484,-0.007176290266215801,-0.0037382757291197777,0.011433715932071209,-0.2809113562107086,0.9596583843231201
1741201534.872953,0.0022292453795671463,-0.0734139233827591,-0.007159784436225891,-0.0037305813748389482,0.011425942182540894,-0.28089702129364014,0.959662675857544
1741201534.8879557,0.0022159582003951073,-0.07331371307373047,-0.007137409411370754,-0.003729987656697631,0.011426565237343311,-0.2809084951877594,0.9596592783927917
1741201534.8979578,0.0022613191977143288,-0.07351472973823547,-0.00720183365046978,-0.003729406511411071,0.011440358124673367,-0.28091752529144287,0.9596564769744873
1741201534.9079597,0.002241707406938076,-0.07345784455537796,-0.00721115805208683,-0.0037308719474822283,0.01145960669964552,-0.2809053957462311,0.95965975522995
1741201534.9229617,0.0022045839577913284,-0.0733589231967926,-0.007232615724205971,-0.003712022677063942,0.01147149596363306,-0.2808869183063507,0.9596651792526245
1741201534.9429657,0.002223741030320525,-0.07344435155391693,-0.007188896648585796,-0.003700396278873086,0.01145967748016119,-0.28088855743408203,0.9596648216247559
1741201534.9779727,0.0022373036481440067,-0.07340739667415619,-0.007178895641118288,-0.003715761937201023,0.011460734531283379,-0.28085753321647644,0.9596738815307617
1741201534.9929748,0.002262889174744487,-0.07351422309875488,-0.00715508172288537,-0.0037122685462236404,0.011471651494503021,-0.2808765769004822,0.9596681594848633
1741201535.0179796,0.0021839230321347713,-0.0733158215880394,-0.007131427526473999,-0.003711302997544408,0.011500312015414238,-0.2809012234210968,0.9596605896949768
1741201535.0429847,0.0022109299898147583,-0.07339216768741608,-0.00716926995664835,-0.0037037539295852184,0.011493777856230736,-0.2809215188026428,0.9596548080444336
1741201535.0679886,0.002183637348935008,-0.0734184980392456,-0.007185826543718576,-0.003717735642567277,0.011478771455585957,-0.28094398975372314,0.9596483111381531
1741201535.0779908,0.0021425134036689997,-0.07335054129362106,-0.007180104963481426,-0.003718168940395117,0.011475860141217709,-0.2809275984764099,0.9596531391143799
1741201535.087993,0.0021036940161138773,-0.07327327877283096,-0.0071669165045022964,-0.003720002481713891,0.011491169221699238,-0.2809118330478668,0.959657609462738
1741201535.1129978,0.002128136344254017,-0.07334144413471222,-0.007143338210880756,-0.003725961782038212,0.011504141613841057,-0.2808864712715149,0.9596648216247559
1741201535.1279998,0.002199609996750951,-0.07349441945552826,-0.00718440767377615,-0.003739843377843499,0.011509747244417667,-0.28087911009788513,0.959666907787323
1741201535.143003,0.0021512084640562534,-0.07340459525585175,-0.007177519146353006,-0.003745425259694457,0.011523126624524593,-0.28086918592453003,0.9596696496009827
1741201535.1680076,0.002249910496175289,-0.07351057231426239,-0.00717482203617692,-0.003752752672880888,0.011478422209620476,-0.2808998227119446,0.9596611261367798
1741201535.1930118,0.0022295592352747917,-0.07351364195346832,-0.007178073283284903,-0.0037242250982671976,0.011478939093649387,-0.28089919686317444,0.9596613645553589
1741201535.2130158,0.0021406409796327353,-0.07335631549358368,-0.00717908376827836,-0.00371775240637362,0.011477554216980934,-0.2808874249458313,0.9596648812294006
1741201535.238021,0.0021233868319541216,-0.07335282117128372,-0.007153850514441729,-0.00370981777086854,0.011478015221655369,-0.28089407086372375,0.9596630334854126
1741201535.2530227,0.002049013040959835,-0.07320256531238556,-0.0071311648935079575,-0.003711825469508767,0.011459930799901485,-0.28088632225990295,0.9596654772758484
1741201535.3080337,0.0023413891904056072,-0.07348497211933136,-0.0071665518917143345,-0.003708421718329191,0.011479176580905914,-0.28089040517807007,0.9596641063690186
1741201535.3180356,0.002343521686270833,-0.07342349737882614,-0.007155532017350197,-0.0036966821644455194,0.011500772088766098,-0.28088244795799255,0.9596661329269409
1741201535.3230357,0.0023444760590791702,-0.07338926941156387,-0.007150155957788229,-0.0036960963625460863,0.011503351852297783,-0.2808840870857239,0.9596656560897827
1741201535.328038,0.0022406182251870632,-0.07350533455610275,-0.007171971723437309,-0.003690246492624283,0.011494763195514679,-0.28090792894363403,0.9596588015556335
1741201535.3330379,0.0022216541692614555,-0.07347382605075836,-0.0071671949699521065,-0.0036882353015244007,0.01149082649499178,-0.28090518712997437,0.9596596956253052
1741201535.3380399,0.0022013268899172544,-0.07344003021717072,-0.0071622589603066444,-0.003701714798808098,0.01149755995720625,-0.28090450167655945,0.9596596956253052
1741201535.3430398,0.002184422919526696,-0.07340391725301743,-0.00716208852827549,-0.0036987292114645243,0.01148006971925497,-0.2808936834335327,0.9596630930900574
1741201535.3480408,0.002161621581763029,-0.07336366176605225,-0.007155421189963818,-0.003703058697283268,0.011487548239529133,-0.2809080481529236,0.9596588015556335
1741201535.358043,0.002115097129717469,-0.07327847927808762,-0.0071326494216918945,-0.003703886643052101,0.011502262204885483,-0.2809194326400757,0.9596552848815918
1741201535.3730457,0.0021688530687242746,-0.07340821623802185,-0.007185323629528284,-0.003701230976730585,0.011461826041340828,-0.2809285521507263,0.9596531391143799
1741201535.4030507,0.0022097057662904263,-0.07343980669975281,-0.007204040884971619,-0.0037049150560051203,0.011492247693240643,-0.2809407711029053,0.9596491456031799
1741201535.4980688,0.0022460618056356907,-0.0734700858592987,-0.007237428333610296,-0.0037430082447826862,0.011488465592265129,-0.28098344802856445,0.9596366286277771
1741201535.5080707,0.0022507617250084877,-0.07343091815710068,-0.007242185529321432,-0.0037595632020384073,0.011484382674098015,-0.28098881244659424,0.9596349596977234
1741201535.5230737,0.0022421812172979116,-0.07335429638624191,-0.007241532206535339,-0.003760026302188635,0.011475678533315659,-0.2809850573539734,0.9596362113952637
1741201535.5430768,0.0021016113460063934,-0.07337437570095062,-0.0071871536783874035,-0.0037390056531876326,0.011453254148364067,-0.2810056805610657,0.9596304297447205
1741201535.5480778,0.0020742970518767834,-0.07334119826555252,-0.0071817305870354176,-0.003742445493116975,0.011444196105003357,-0.28099891543388367,0.9596325755119324
1741201535.5630808,0.0021823879797011614,-0.07347284257411957,-0.00719832768663764,-0.0037480692844837904,0.011446048505604267,-0.2810002863407135,0.959632158279419
1741201535.5780838,0.0021602516062557697,-0.07340674102306366,-0.0071780988946557045,-0.0037325036246329546,0.011444807052612305,-0.28100329637527466,0.9596313238143921
1741201535.603088,0.002257290994748473,-0.0734458640217781,-0.007245862856507301,-0.0037117169704288244,0.011449561454355717,-0.2809881865978241,0.9596357941627502
1741201535.60809,0.002256077714264393,-0.0734141618013382,-0.0072595770470798016,-0.003712375182658434,0.011459839530289173,-0.28098639845848083,0.9596361517906189
1741201535.6180909,0.0022550560534000397,-0.07333832234144211,-0.007276839576661587,-0.003704851260408759,0.011482813395559788,-0.2809878885746002,0.9596354961395264
1741201535.6280928,0.002332952804863453,-0.07352522015571594,-0.007171889767050743,-0.0036988614592701197,0.011475970037281513,-0.280984103679657,0.9596366882324219
1741201535.6580987,0.002369396388530731,-0.07332364469766617,-0.0071366638876497746,-0.0037239205557852983,0.011490016244351864,-0.2810174524784088,0.9596266746520996
1741201535.6781027,0.0022131879813969135,-0.07332095503807068,-0.007150610443204641,-0.003727105213329196,0.011505813337862492,-0.28103771805763245,0.9596205353736877
1741201535.6931047,0.0022149269934743643,-0.0734524354338646,-0.0071889860555529594,-0.0037136957980692387,0.011511213146150112,-0.2810281217098236,0.9596233367919922
1741201535.7131088,0.0021700242068618536,-0.07334146648645401,-0.00717200106009841,-0.003712353529408574,0.011519021354615688,-0.2810508906841278,0.9596165418624878
1741201535.728112,0.0021938171703368425,-0.07346532493829727,-0.007203671149909496,-0.003708896227180958,0.011527902446687222,-0.28102198243141174,0.9596249461174011
1741201535.7431138,0.0021632122807204723,-0.07338789105415344,-0.007209498900920153,-0.0037080987822264433,0.01153890136629343,-0.2810242176055908,0.959624171257019
1741201535.7531166,0.002144097350537777,-0.07332515716552734,-0.007209927309304476,-0.0037175966426730156,0.011551630683243275,-0.2810298502445221,0.9596222639083862
1741201535.7731197,0.002268395619466901,-0.07343233376741409,-0.007181974593549967,-0.0037338407710194588,0.01154123991727829,-0.28101715445518494,0.9596260786056519
1741201535.7831216,0.0022736231330782175,-0.07337316870689392,-0.007168627809733152,-0.003747381968423724,0.011547860689461231,-0.2810412049293518,0.9596189260482788
1741201535.7981248,0.0022444629576057196,-0.07343082875013351,-0.007184356451034546,-0.003749060444533825,0.01157157402485609,-0.2810523808002472,0.9596153497695923
1741201535.8081267,0.002218445297330618,-0.07334528863430023,-0.007175937294960022,-0.0037593140732496977,0.011587969027459621,-0.281064510345459,0.9596115350723267
1741201535.8431327,0.0021438950207084417,-0.07329988479614258,-0.007152013015002012,-0.0037571024149656296,0.011577335186302662,-0.2811082899570465,0.9595988988876343
1741201535.8531349,0.0021022979635745287,-0.07321520894765854,-0.00714094378054142,-0.003765535308048129,0.011595412157475948,-0.2811155617237091,0.9595965147018433
1741201535.8631368,0.0021876778919249773,-0.07345231622457504,-0.007199740037322044,-0.003758516162633896,0.011613600887358189,-0.28109100461006165,0.959603488445282
1741201535.8731387,0.0021430335473269224,-0.07339203357696533,-0.007189930882304907,-0.0037601080257445574,0.011615583673119545,-0.2810872793197632,0.9596045613288879
1741201535.9181468,0.0021681434009224176,-0.07342909276485443,-0.0071492926217615604,-0.003789077512919903,0.011585523374378681,-0.2810888886451721,0.9596043825149536
1741201535.9281487,0.0022238269448280334,-0.07353786379098892,-0.0071975188329815865,-0.003808370092883706,0.011608051136136055,-0.28106310963630676,0.9596115350723267
1741201535.9331498,0.002214110689237714,-0.07352661341428757,-0.007198919076472521,-0.0038037823978811502,0.011611943133175373,-0.2810607850551605,0.9596121907234192
1741201535.9831588,0.0021408265456557274,-0.07333944737911224,-0.0071624950505793095,-0.0038043034728616476,0.011612852104008198,-0.2810269594192505,0.9596220850944519
1741201536.0131648,0.0021433765068650246,-0.07325849682092667,-0.007123889867216349,-0.0038033060263842344,0.011561552993953228,-0.2810327112674713,0.9596209526062012
1741201536.0481708,0.0020633675158023834,-0.07321858406066895,-0.007221455220133066,-0.003820889862254262,0.0115242600440979,-0.28100842237472534,0.9596285820007324
1741201536.0581727,0.0019972044974565506,-0.07312144339084625,-0.007219585124403238,-0.0038148872554302216,0.01149124838411808,-0.2809832692146301,0.9596363306045532
1741201536.0931797,0.0022795097902417183,-0.07368434220552444,-0.007245281711220741,-0.0037449044175446033,0.011399840004742146,-0.2809654772281647,0.9596428871154785
1741201536.0981798,0.002273311372846365,-0.07369813323020935,-0.007264911197125912,-0.003765818430110812,0.01144762896001339,-0.2809823155403137,0.9596373438835144
1741201536.1281857,0.0023333264980465174,-0.0735599622130394,-0.0071235415525734425,-0.00367765873670578,0.011260836385190487,-0.280962198972702,0.9596457481384277
1741201536.1431887,0.0023780248593539,-0.07344978302717209,-0.00725827319547534,-0.003721327055245638,0.011336139403283596,-0.2809567451477051,0.9596462845802307
1741201536.158191,0.0024412646889686584,-0.07330134510993958,-0.007324975915253162,-0.003752906806766987,0.01136547140777111,-0.28098440170288086,0.9596377015113831
1741201536.1731937,0.0024366870056837797,-0.07331043481826782,-0.007089349906891584,-0.0037141614593565464,0.011414005421102047,-0.2809755802154541,0.9596399068832397
1741201536.188197,0.00246530887670815,-0.07311107218265533,-0.006987761240452528,-0.0037098953034728765,0.011407936923205853,-0.2809780240058899,0.959639310836792
1741201536.1981988,0.002255125204101205,-0.07334711402654648,-0.007264872081577778,-0.003739764215424657,0.011450197547674179,-0.28097882866859436,0.9596383571624756
1741201536.2132018,0.0021947857458144426,-0.07318144291639328,-0.007306013721972704,-0.003771596821025014,0.011435378342866898,-0.2809922993183136,0.9596344828605652
1741201536.2332048,0.0021070537623018026,-0.07339353114366531,-0.007056592032313347,-0.0037091851700097322,0.011392006650567055,-0.28097838163375854,0.9596393704414368
1741201536.2432067,0.0020329037215560675,-0.07331759482622147,-0.006961928680539131,-0.003712572855874896,0.011401800438761711,-0.2809843122959137,0.959637463092804
1741201536.2632108,0.002148045925423503,-0.07350132614374161,-0.007302484009414911,-0.0037397858686745167,0.011482507921755314,-0.28099682927131653,0.9596327543258667
1741201536.2832148,0.002022294094786048,-0.07343301177024841,-0.007331387139856815,-0.003719358006492257,0.01145473774522543,-0.28100672364234924,0.9596302509307861
1741201536.308219,0.0021284499671310186,-0.07345916330814362,-0.007159174419939518,-0.003710611956194043,0.01141764223575592,-0.2809995710849762,0.9596328139305115
1741201536.3132198,0.0021134852431714535,-0.07343064993619919,-0.007157022599130869,-0.003709847340360284,0.011427544988691807,-0.28099724650382996,0.9596334099769592
1741201536.3282228,0.0022115351166576147,-0.07340840995311737,-0.007274140603840351,-0.0037034249398857355,0.011448799632489681,-0.2809942066669464,0.9596340656280518
1741201536.3482268,0.0022291422355920076,-0.07323459535837173,-0.007266861852258444,-0.003704539267346263,0.011467240750789642,-0.28096842765808105,0.9596413969993591
1741201536.3582287,0.0022499889601022005,-0.07313544303178787,-0.007256323006004095,-0.0037033131811767817,0.011472586542367935,-0.2809726595878601,0.9596400856971741
1741201536.373231,0.0022946628741919994,-0.07334643602371216,-0.007203792687505484,-0.0036972309462726116,0.011488794349133968,-0.2810017168521881,0.9596313834190369
1741201536.3832328,0.0022983623202890158,-0.07327298074960709,-0.007208910305052996,-0.003700804663822055,0.011508714407682419,-0.28099578619003296,0.959632933139801
1741201536.3882337,0.0022875210270285606,-0.07323067635297775,-0.007198571693152189,-0.003703420516103506,0.011513927020132542,-0.281009703874588,0.9596287608146667
1741201536.3932347,0.002243316499516368,-0.07349567860364914,-0.007211369462311268,-0.0037005029153078794,0.011477847583591938,-0.28099286556243896,0.9596340656280518
1741201536.3982356,0.002223401563242078,-0.07347346097230911,-0.007204234134405851,-0.0037037786096334457,0.011481731198728085,-0.28101351857185364,0.9596279859542847
1741201536.4032369,0.002212315099313855,-0.07346314191818237,-0.007201579865068197,-0.003695436753332615,0.011472545564174652,-0.2810026705265045,0.9596313238143921
1741201536.4432437,0.002101518912240863,-0.07352772355079651,-0.007230644579976797,-0.0036904029548168182,0.011451737023890018,-0.2809973359107971,0.9596331119537354
1741201536.4882526,0.002269880846142769,-0.07346560806035995,-0.007130938116461039,-0.00365768326446414,0.011413081549108028,-0.28099629282951355,0.9596340656280518
1741201536.5282598,0.0023608084302395582,-0.0734078511595726,-0.007193257100880146,-0.003681747242808342,0.011425049044191837,-0.28098931908607483,0.959635853767395
1741201536.5432627,0.0024097515270113945,-0.07327590882778168,-0.007177678868174553,-0.003688085824251175,0.011418898589909077,-0.28098800778388977,0.9596362709999084
1741201536.5632668,0.002302678069099784,-0.0734599307179451,-0.007228384725749493,-0.0036999534349888563,0.011455180123448372,-0.2809664011001587,0.9596421122550964
1741201536.5782688,0.0022693274077028036,-0.07337301969528198,-0.007241036277264357,-0.0037000798620283604,0.011468978598713875,-0.2809949219226837,0.9596335291862488
1741201536.5832698,0.00225283345207572,-0.07334109395742416,-0.0072421724908053875,-0.003696070984005928,0.011484651826322079,-0.2809913456439972,0.9596344828605652
1741201536.5982728,0.0021629431284964085,-0.07351891696453094,-0.0071798451244831085,-0.003686345648020506,0.011495999991893768,-0.28099173307418823,0.9596343040466309
1741201536.623278,0.001919652335345745,-0.07338312268257141,-0.007144417148083448,-0.0036908267065882683,0.011482817120850086,-0.2809852361679077,0.9596363306045532
1741201536.6432817,0.002004345180466771,-0.07345577329397202,-0.007201419211924076,-0.003676871070638299,0.011462179012596607,-0.2809891998767853,0.9596354961395264
1741201536.6482818,0.001960538560524583,-0.07343059033155441,-0.007195221725851297,-0.0036782792303711176,0.011464400216937065,-0.2809905707836151,0.9596350193023682
1741201536.6732867,0.0020620233844965696,-0.07338299602270126,-0.007198924198746681,-0.003645082237198949,0.01140507496893406,-0.280985027551651,0.959637463092804
1741201536.6932907,0.002197367139160633,-0.07341782748699188,-0.007254799362272024,-0.0036487968172878027,0.011398538947105408,-0.2809445559978485,0.9596494436264038
1741201536.7032926,0.0021778219379484653,-0.07333587110042572,-0.007271891925483942,-0.0036464063450694084,0.011404561810195446,-0.28094446659088135,0.9596493244171143
1741201536.7232957,0.0021577554289251566,-0.0731412023305893,-0.007276703137904406,-0.003626337507739663,0.01140234898775816,-0.2809157073497772,0.9596578478813171
1741201536.7432997,0.002323020249605179,-0.07334977388381958,-0.007193822413682938,-0.003639847505837679,0.011395412497222424,-0.2808714210987091,0.959670901298523
1741201536.7533019,0.002347435336560011,-0.07327432185411453,-0.007176597602665424,-0.003647143254056573,0.01140793226659298,-0.28087013959884644,0.9596710801124573
1741201536.7783067,0.002320046303793788,-0.07344748079776764,-0.007150611840188503,-0.0036296178586781025,0.011413994245231152,-0.2808624505996704,0.9596733450889587
1741201536.7983098,0.0022613953333348036,-0.07352059334516525,-0.007176266051828861,-0.003627329133450985,0.011428667232394218,-0.28089550137519836,0.959663450717926
1741201536.8083117,0.0022530772257596254,-0.07348217815160751,-0.007160038221627474,-0.003632437437772751,0.011429493315517902,-0.28089433908462524,0.9596638083457947
1741201536.8183138,0.002232890110462904,-0.07343059778213501,-0.007144769188016653,-0.0036313445307314396,0.011440787464380264,-0.28089892864227295,0.9596623182296753
1741201536.8433177,0.002224043942987919,-0.07345155626535416,-0.007160850800573826,-0.0036365583073347807,0.011440827511250973,-0.2808791399002075,0.9596680998802185
1741201536.8533196,0.0022163926623761654,-0.07339360564947128,-0.007137956563383341,-0.0036401962861418724,0.011441502720117569,-0.2808637022972107,0.9596726298332214
1741201536.8733237,0.0022126329131424427,-0.07337938249111176,-0.007221693638712168,-0.0036559943109750748,0.01144041121006012,-0.28086015582084656,0.9596736431121826
1741201536.893328,0.002272305078804493,-0.07350053638219833,-0.0072080050595104694,-0.0036496096290647984,0.01146053709089756,-0.2808673679828644,0.9596712589263916
1741201536.9083307,0.0022156895138323307,-0.07339135557413101,-0.007201750762760639,-0.0036567135248333216,0.01145166251808405,-0.28089678287506104,0.9596627354621887
1741201536.9283338,0.0022373597603291273,-0.07350748032331467,-0.007223731372505426,-0.0036723536904901266,0.011464960873126984,-0.28091076016426086,0.9596583843231201
1741201536.9483376,0.0021949969232082367,-0.07341054081916809,-0.007204202003777027,-0.003661719150841236,0.011449660174548626,-0.28092995285987854,0.9596530199050903
1741201536.9683418,0.0021726232953369617,-0.07347141951322556,-0.007170615717768669,-0.0036811139434576035,0.011435599997639656,-0.2808983325958252,0.9596623778343201
1741201536.9833446,0.002124497899785638,-0.07338549196720123,-0.007128351368010044,-0.0036693902220577,0.011427891440689564,-0.2808872163295746,0.9596657752990723
1741201536.9983468,0.002279632957652211,-0.07357419282197952,-0.007200191728770733,-0.0036551658995449543,0.011427745223045349,-0.28089240193367004,0.9596642851829529
1741201537.0183508,0.002250610152259469,-0.07346456497907639,-0.007183474488556385,-0.0036642681807279587,0.011406159959733486,-0.2808999717235565,0.9596622586250305
1741201537.0383546,0.0021929778158664703,-0.07339080423116684,-0.007241769693791866,-0.003654967760667205,0.01141830813139677,-0.2809008061885834,0.9596619606018066
1741201537.0783617,0.0021979238372296095,-0.07337666302919388,-0.007111389189958572,-0.0036566536873579025,0.011411632411181927,-0.2809062898159027,0.9596604108810425
1741201537.0933647,0.00217725639231503,-0.07345453649759293,-0.007259433623403311,-0.0036482661962509155,0.011417524889111519,-0.2809077203273773,0.9596599340438843
1741201537.1133687,0.002082748105749488,-0.0732889473438263,-0.0072710951790213585,-0.003654241096228361,0.011433567851781845,-0.2809205949306488,0.9596560001373291
1741201537.1283717,0.0022022572811692953,-0.07347045093774796,-0.007257615216076374,-0.0036452789790928364,0.011467834003269672,-0.28091755509376526,0.9596564769744873
1741201537.1533756,0.002117552561685443,-0.07326260954141617,-0.007273599039763212,-0.0036412207409739494,0.01144210435450077,-0.28091737627983093,0.9596568942070007
1741201537.1583767,0.0020979931578040123,-0.07321098446846008,-0.007277322001755238,-0.0036425520665943623,0.011429233476519585,-0.2808994948863983,0.9596622586250305
1741201537.17338,0.0022324498277157545,-0.0733666941523552,-0.0071786087937653065,-0.003645447315648198,0.011451971717178822,-0.2809077799320221,0.9596595764160156
1741201537.1833818,0.0022280202247202396,-0.0732904002070427,-0.007169792428612709,-0.003637762274593115,0.011449641548097134,-0.28091275691986084,0.959658145904541
1741201537.1983845,0.0021842187270522118,-0.07340190559625626,-0.007229937240481377,-0.0036447776947170496,0.011463294737040997,-0.2808908224105835,0.9596643447875977
1741201537.2233887,0.002130541717633605,-0.07322646677494049,-0.007212359923869371,-0.0036455215886235237,0.011469203978776932,-0.28089386224746704,0.9596633911132812
1741201537.2433927,0.0022896723821759224,-0.07349587231874466,-0.007217355538159609,-0.003638878231868148,0.011453152634203434,-0.2809015214443207,0.9596614241600037
1741201537.2633958,0.0022686156444251537,-0.07353490591049194,-0.007174242753535509,-0.0036462198477238417,0.011472473852336407,-0.28093603253364563,0.9596510529518127
1741201537.2733977,0.002254385268315673,-0.07349324971437454,-0.007154851220548153,-0.0036585181951522827,0.01149087306112051,-0.28093570470809937,0.9596508741378784
1741201537.2833996,0.0022358254063874483,-0.07341071963310242,-0.00714667746797204,-0.003663709620013833,0.011494799517095089,-0.2809375822544098,0.9596502184867859
1741201537.293402,0.0022401665337383747,-0.07346878200769424,-0.007206252310425043,-0.0036680935882031918,0.011509674601256847,-0.28094393014907837,0.9596481919288635
1741201537.2983847,0.0022319110576063395,-0.07343824207782745,-0.007200181949883699,-0.0036646921653300524,0.011523730121552944,-0.2809324264526367,0.9596513509750366
1741201537.3033855,0.0022230723407119513,-0.07340539991855621,-0.007193690165877342,-0.003680543042719364,0.01151334960013628,-0.2809235751628876,0.9596540331840515
1741201537.3133876,0.002196165034547448,-0.07332796603441238,-0.007194542791694403,-0.0036668928805738688,0.011515691876411438,-0.2809302806854248,0.9596520662307739
1741201537.3233898,0.002149800769984722,-0.07323191314935684,-0.007174667436629534,-0.003666529431939125,0.0115166325122118,-0.28093087673187256,0.9596518874168396
1741201537.3283896,0.0022138413041830063,-0.07346107065677643,-0.007228851784020662,-0.0036661953199654818,0.011517682112753391,-0.28093746304512024,0.9596499800682068
1741201537.3383915,0.0021922916639596224,-0.07340940833091736,-0.0072278655134141445,-0.003669275902211666,0.011521738022565842,-0.28091901540756226,0.9596553444862366
1741201537.3533947,0.002168574370443821,-0.0733303651213646,-0.007227302063256502,-0.0036747357808053493,0.011541127227246761,-0.28091931343078613,0.9596549272537231
1741201537.3834007,0.00214753532782197,-0.0734129324555397,-0.00718298926949501,-0.003641358343884349,0.011543752625584602,-0.2809004485607147,0.9596605896949768
1741201537.4084046,0.002136989263817668,-0.07341846078634262,-0.007194460369646549,-0.0036448806058615446,0.011532957665622234,-0.2808985114097595,0.9596612453460693
1741201537.4234076,0.0020941970869898796,-0.07332012802362442,-0.007177042309194803,-0.0036437674425542355,0.011547149159014225,-0.2808918058872223,0.9596630334854126
1741201537.4434114,0.0022929164115339518,-0.07346361130475998,-0.007165522314608097,-0.0036355883348733187,0.011555241420865059,-0.28087419271469116,0.9596681594848633
1741201537.4634156,0.0023499662056565285,-0.07355322688817978,-0.007178920786827803,-0.00360918790102005,0.011559036560356617,-0.28087323904037476,0.9596685171127319
1741201537.4784176,0.002368045737966895,-0.07348181307315826,-0.007158683612942696,-0.0036187232472002506,0.011564260348677635,-0.2808687686920166,0.9596697092056274
1741201537.4984214,0.0022720894776284695,-0.07349880784749985,-0.0071565560065209866,-0.003613634966313839,0.011556177400052547,-0.28086814284324646,0.9596700072288513
1741201537.5134246,0.0022388233337551355,-0.07339904457330704,-0.007135236170142889,-0.003611672902479768,0.011562425643205643,-0.2808430790901184,0.9596772789955139
1741201537.5284276,0.002222804119810462,-0.07348646968603134,-0.007222364190965891,-0.003613501787185669,0.011576930992305279,-0.28085610270500183,0.959673285484314
1741201537.5434306,0.002180694369599223,-0.07339715212583542,-0.007233090233057737,-0.0036142386961728334,0.011575933545827866,-0.2808573544025421,0.9596729278564453
1741201537.5584326,0.0021895405370742083,-0.07348805665969849,-0.007202488370239735,-0.0036085606552660465,0.011566000059247017,-0.2808851897716522,0.9596649408340454
1741201537.5734355,0.002135299611836672,-0.07340309768915176,-0.007181936409324408,-0.003612728090956807,0.011545718647539616,-0.2808952033519745,0.9596621990203857
1741201537.5834377,0.002095641801133752,-0.07333361357450485,-0.00716460682451725,-0.00361224845983088,0.01153450459241867,-0.28088241815567017,0.9596661329269409
1741201537.6084425,0.002194955013692379,-0.07339737564325333,-0.007211741991341114,-0.003618924180045724,0.011546759866178036,-0.2808742821216583,0.9596682786941528
1741201537.6134427,0.002190390368923545,-0.07336673140525818,-0.007206597365438938,-0.0036207567900419235,0.011549200862646103,-0.2808680832386017,0.9596700668334961
1741201537.6184435,0.0021858694963157177,-0.07333412766456604,-0.0071992720477283,-0.003606907557696104,0.011554079130291939,-0.2808559238910675,0.9596736431121826
1741201537.6284456,0.0022412592079490423,-0.07348953932523727,-0.007205257657915354,-0.003608254250138998,0.011543949134647846,-0.2808399200439453,0.9596784710884094
1741201537.6434486,0.002208071295171976,-0.07338710129261017,-0.007214674726128578,-0.003595645073801279,0.011552163399755955,-0.28085657954216003,0.9596734642982483
1741201537.6534505,0.0021877484396100044,-0.07330751419067383,-0.007220901548862457,-0.003597718197852373,0.011542009189724922,-0.2808515429496765,0.959675133228302
1741201537.6734545,0.002195911016315222,-0.0733853429555893,-0.0072056083008646965,-0.0036023010034114122,0.011546105146408081,-0.28087887167930603,0.9596670866012573
1741201537.6834555,0.0021702663507312536,-0.07330581545829773,-0.007186561822891235,-0.0035975249484181404,0.011534587480127811,-0.28086426854133606,0.9596714973449707
1741201537.6884568,0.0021631692070513964,-0.07326892018318176,-0.007180954795330763,-0.003603564575314522,0.011534535326063633,-0.2808471620082855,0.9596764445304871
1741201537.7184625,0.002114405855536461,-0.07329973578453064,-0.007196062244474888,-0.0035931675229221582,0.011564572341740131,-0.2808625400066376,0.959671676158905
1741201537.7284646,0.002190600149333477,-0.07347489893436432,-0.007199419662356377,-0.0036014148499816656,0.011528614908456802,-0.28084301948547363,0.9596777558326721
1741201537.7434676,0.0021429972257465124,-0.0733812227845192,-0.007170927710831165,-0.003600315423682332,0.011531305499374866,-0.28083091974258423,0.9596813321113586
1741201537.7484677,0.0021248748525977135,-0.07334468513727188,-0.007158986758440733,-0.0036058411933481693,0.011523078195750713,-0.2808271646499634,0.9596824645996094
1741201537.7534688,0.0021057839039713144,-0.073305644094944,-0.007149883080273867,-0.003606433281674981,0.011529190465807915,-0.28082528710365295,0.9596829414367676
1741201537.7634706,0.0022302165161818266,-0.07350177317857742,-0.007194539066404104,-0.0035959272645413876,0.011533171869814396,-0.2808326780796051,0.9596806764602661
1741201537.7734725,0.002208591205999255,-0.0734453871846199,-0.007178634405136108,-0.0036037808749824762,0.01154440175741911,-0.2808305621147156,0.9596812129020691
1741201537.7784734,0.002195767592638731,-0.07341296225786209,-0.0071686445735394955,-0.003594299079850316,0.011547098867595196,-0.2808183431625366,0.9596847891807556
1741201537.7834747,0.002185408491641283,-0.07337812334299088,-0.007154423277825117,-0.003589327447116375,0.011549401096999645,-0.2808087468147278,0.9596875905990601
1741201537.7934766,0.002273952355608344,-0.07353734970092773,-0.007210426032543182,-0.003562943311408162,0.011545764282345772,-0.2808220088481903,0.9596838355064392
1741201537.7984776,0.002268746728077531,-0.07351400703191757,-0.0072072711773216724,-0.0035660008434206247,0.01154174655675888,-0.28082937002182007,0.9596817493438721
1741201537.8134797,0.002254277700558305,-0.07342846691608429,-0.007198919542133808,-0.0035642078146338463,0.011540818959474564,-0.280840665102005,0.9596784114837646
1741201537.8184807,0.002248581266030669,-0.07339538633823395,-0.007194570731371641,-0.003563042962923646,0.011547200381755829,-0.28083470463752747,0.9596800804138184
1741201537.8284826,0.0022108100820332766,-0.0734771341085434,-0.00721430778503418,-0.003571139182895422,0.011542510241270065,-0.2808537185192108,0.959674596786499
1741201537.8434856,0.0021552324760705233,-0.07336841523647308,-0.007192729040980339,-0.0035810184199362993,0.011545291170477867,-0.2808831036090851,0.9596658945083618
1741201537.8484867,0.0021365319844335318,-0.07332830131053925,-0.007183448877185583,-0.0035779813770204782,0.011542716063559055,-0.2808968424797058,0.9596619009971619
1741201537.8584886,0.002257468644529581,-0.07352151721715927,-0.007164731156080961,-0.0035876270849257708,0.011537637561559677,-0.28088170289993286,0.95966637134552
1741201537.8634896,0.002250533550977707,-0.07349656522274017,-0.00716294115409255,-0.0035835239104926586,0.011536875739693642,-0.2808655798435211,0.959671139717102
1741201537.8734915,0.0022251836489886045,-0.07343337684869766,-0.007146779913455248,-0.0035819390323013067,0.011555460281670094,-0.2808454930782318,0.9596768021583557
1741201537.8834937,0.0021786647848784924,-0.07334529608488083,-0.007135644089430571,-0.0035920124500989914,0.011528048664331436,-0.28085386753082275,0.9596746563911438
1741201537.8884945,0.0021575919818133116,-0.07329932600259781,-0.007129034958779812,-0.0035884093958884478,0.011520791798830032,-0.28086718916893005,0.9596708416938782
1741201537.8934946,0.0022044579964131117,-0.07347043603658676,-0.007230781484395266,-0.0036083925515413284,0.01151211280375719,-0.28089287877082825,0.9596633911132812
1741201537.8984954,0.002193014370277524,-0.07344050705432892,-0.007235269993543625,-0.003596844617277384,0.01151801086962223,-0.28088778257369995,0.9596647620201111
1741201537.9084976,0.0021673738956451416,-0.07337305694818497,-0.007235100492835045,-0.0036063706502318382,0.01151262130588293,-0.28089243173599243,0.959663450717926
1741201537.9134986,0.0021511362865567207,-0.073334239423275,-0.007232853677123785,-0.0035986059810966253,0.011509905569255352,-0.28089338541030884,0.9596632719039917
1741201537.9184995,0.002132260240614414,-0.07329177111387253,-0.007226007524877787,-0.003603982040658593,0.011505434289574623,-0.2808972895145416,0.959662139415741
1741201537.9235005,0.0021113064140081406,-0.07324603199958801,-0.007218372076749802,-0.003603911492973566,0.011508133262395859,-0.28088581562042236,0.9596654772758484
1741201537.9435046,0.0022613881155848503,-0.07344561070203781,-0.00715976394712925,-0.003595286048948765,0.011511493474245071,-0.2808784544467926,0.9596675634384155
1741201537.9485056,0.002257304033264518,-0.07341613620519638,-0.007152826990932226,-0.003601520787924528,0.011509859003126621,-0.28087925910949707,0.9596673250198364
1741201537.9585066,0.0022395579144358635,-0.07334526628255844,-0.007138093002140522,-0.0035970548633486032,0.011510905809700489,-0.2808666527271271,0.9596710205078125
1741201537.9635077,0.0023062832187861204,-0.07354728132486343,-0.007199183572083712,-0.0035849118139594793,0.011514975689351559,-0.2808533310890198,0.9596748948097229
1741201537.9735096,0.0023088911548256874,-0.07350489497184753,-0.007181080523878336,-0.0035811334382742643,0.01150313951075077,-0.28083837032318115,0.9596794843673706
1741201537.9785106,0.00230820057913661,-0.07347951084375381,-0.007171610835939646,-0.003577000228688121,0.011490639299154282,-0.2808360755443573,0.9596803784370422
1741201537.9885125,0.002300760941579938,-0.07341701537370682,-0.007152949925512075,-0.0035830086562782526,0.011502625420689583,-0.2808215618133545,0.9596843719482422
1741201537.9985147,0.0022711928468197584,-0.07349812239408493,-0.007183249108493328,-0.0035891765728592873,0.011508678086102009,-0.28085342049598694,0.9596749544143677
1741201538.0085166,0.002247439930215478,-0.07342851907014847,-0.007171713747084141,-0.0035768686793744564,0.01150587759912014,-0.2808733284473419,0.9596692323684692
1741201538.0185184,0.0022268895991146564,-0.07335098832845688,-0.007156808394938707,-0.0035736144054681063,0.011504750698804855,-0.2808750569820404,0.959668755531311
1741201538.0335207,0.0022229154128581285,-0.07344163954257965,-0.007242756895720959,-0.003595256246626377,0.011510612443089485,-0.28089138865470886,0.9596638083457947
1741201538.0385215,0.0022175086196511984,-0.07341285049915314,-0.007248060777783394,-0.0035893472377210855,0.011517680250108242,-0.28088417649269104,0.9596658945083618
1741201538.0735285,0.0022099758498370647,-0.07337892800569534,-0.007210948504507542,-0.0035966853611171246,0.01154413167387247,-0.28087174892425537,0.9596691727638245
1741201538.0885308,0.002208124613389373,-0.07327666133642197,-0.007170887663960457,-0.0035938574001193047,0.011543063446879387,-0.2808816730976105,0.9596663117408752
1741201538.0985336,0.002278553321957588,-0.0735086053609848,-0.007127057295292616,-0.0035956979263573885,0.011548452079296112,-0.28085723519325256,0.9596733450889587
1741201538.1135354,0.002263355767354369,-0.07343342155218124,-0.007063823286443949,-0.0036076402757316828,0.011537449434399605,-0.2808825373649597,0.9596660733222961
1741201538.1285386,0.0022355623077601194,-0.07352697849273682,-0.007211285177618265,-0.0035941838286817074,0.01155111100524664,-0.28091102838516235,0.959657609462738
1741201538.1735466,0.0021689971908926964,-0.0734134316444397,-0.007207062095403671,-0.0035883286036551,0.011556425131857395,-0.28090211749076843,0.9596601724624634
1741201538.1835487,0.0021298197098076344,-0.07334009557962418,-0.0072016166523098946,-0.0035917579662054777,0.011561312712728977,-0.28091344237327576,0.9596567749977112
1741201538.1935506,0.0021683420054614544,-0.07344405353069305,-0.007231283932924271,-0.003606171580031514,0.011558613739907742,-0.28092697262763977,0.959652841091156
1741201538.2135546,0.0021038022823631763,-0.07330502569675446,-0.0072400844655931,-0.003592404304072261,0.011550509370863438,-0.2809094488620758,0.9596580266952515
1741201538.2235565,0.0020690213423222303,-0.07321911305189133,-0.007237683981657028,-0.0035828256513923407,0.011556565761566162,-0.28092658519744873,0.9596530795097351
1741201538.2285566,0.002210926730185747,-0.07345158606767654,-0.007206498645246029,-0.0035779927857220173,0.011561359278857708,-0.2809266448020935,0.9596529006958008
1741201538.2835677,0.0021276858169585466,-0.07323053479194641,-0.007174953352659941,-0.0035677547566592693,0.011556842364370823,-0.28091299533843994,0.9596570730209351
1741201538.2935696,0.002202235395088792,-0.07343171536922455,-0.00723475543782115,-0.003558497177436948,0.011569378897547722,-0.2808927893638611,0.9596628546714783
1741201538.2985704,0.0021932704839855433,-0.07339996844530106,-0.007237274665385485,-0.0035664630122482777,0.011565065011382103,-0.2808985114097595,0.9596612453460693
1741201538.3185735,0.002147526014596224,-0.07324942946434021,-0.007226855959743261,-0.003568106796592474,0.011544016189873219,-0.28090766072273254,0.9596587419509888
1741201538.3385777,0.002198344562202692,-0.07341625541448593,-0.007192967459559441,-0.003567939391359687,0.011548813432455063,-0.2808813154697418,0.9596664309501648
1741201538.3835855,0.0022412813268601894,-0.07340884953737259,-0.007120069582015276,-0.00356778921559453,0.011561487801373005,-0.28085553646087646,0.9596737623214722
1741201538.3935878,0.002227530349045992,-0.07348491996526718,-0.007187835872173309,-0.0035513993352651596,0.011581074446439743,-0.2808660864830017,0.9596705436706543
1741201538.4135916,0.0021999061573296785,-0.07335337996482849,-0.007124432362616062,-0.0035575157962739468,0.011579197831451893,-0.28084200620651245,0.9596775770187378
1741201538.4235935,0.0021787656005471945,-0.0732722356915474,-0.007090449333190918,-0.0035614643711596727,0.01157598290592432,-0.28084421157836914,0.95967698097229
1741201538.4485974,0.0022187528666108847,-0.07337715476751328,-0.007220093626528978,-0.0035148104652762413,0.011571822687983513,-0.28084173798561096,0.9596779346466064
1741201538.4585996,0.0022049853578209877,-0.07331019639968872,-0.007209832780063152,-0.0035116912331432104,0.011581940576434135,-0.28084954619407654,0.9596754908561707
1741201538.5086095,0.002236003754660487,-0.07345996052026749,-0.007173176854848862,-0.003488347865641117,0.011602087877690792,-0.28090959787368774,0.9596578478813171
1741201538.5386145,0.0022390836384147406,-0.07345201075077057,-0.007183052133768797,-0.0034872775431722403,0.011593465693295002,-0.2808791697025299,0.9596668481826782
1741201538.5536177,0.0022215472999960184,-0.07335837185382843,-0.007159456145018339,-0.003475902369245887,0.011577317491173744,-0.2808769643306732,0.9596676826477051
1741201538.5636196,0.0021936860866844654,-0.07343944162130356,-0.007226969581097364,-0.0034507811069488525,0.011571664363145828,-0.28089022636413574,0.959663987159729
1741201538.5736215,0.0021696030162274837,-0.0733761340379715,-0.007216441445052624,-0.0034514954313635826,0.011568273417651653,-0.2808826267719269,0.9596661925315857
1741201538.5936246,0.002213312080129981,-0.07345843315124512,-0.007255160249769688,-0.003458501538261771,0.011583003215491772,-0.2808959186077118,0.9596620798110962
1741201538.6086278,0.0021818855311721563,-0.07335612177848816,-0.007256960030645132,-0.0034595539327710867,0.011588084511458874,-0.2808995544910431,0.9596610069274902
1741201538.6136286,0.0021693245507776737,-0.07331576943397522,-0.007256262935698032,-0.003451819531619549,0.011577087454497814,-0.28090900182724,0.9596584439277649
1741201538.6286316,0.002215601969510317,-0.07342547178268433,-0.007225195877254009,-0.0034602577798068523,0.011567316018044949,-0.280911922454834,0.959657609462738
1741201538.6336324,0.0022139460779726505,-0.07339686900377274,-0.007219485938549042,-0.0034613588359206915,0.01156860776245594,-0.2809138000011444,0.9596570730209351
1741201538.6486347,0.002198964124545455,-0.0732901394367218,-0.007207515183836222,-0.0034631863236427307,0.011567693203687668,-0.28093522787094116,0.9596507549285889
1741201538.6636374,0.0021907684858888388,-0.07341265678405762,-0.007256431970745325,-0.0034656464122235775,0.011595732532441616,-0.2809273898601532,0.9596526622772217
1741201538.6836417,0.0021350772585719824,-0.07327850908041,-0.0072487834841012955,-0.0034771482460200787,0.011598416604101658,-0.2809295058250427,0.9596520066261292
1741201538.7036457,0.0022542355582118034,-0.07348074018955231,-0.007188193034380674,-0.00348765030503273,0.011604738421738148,-0.2809353470802307,0.9596502184867859
1741201538.7186487,0.0022395337000489235,-0.07341703027486801,-0.007167216390371323,-0.00348648545332253,0.011629683896899223,-0.2809550166130066,0.9596441388130188
1741201538.7236485,0.0022319809067994356,-0.07339245826005936,-0.0071569932624697685,-0.0034821471199393272,0.011636096052825451,-0.28096359968185425,0.9596415758132935
1741201538.7486537,0.002119170967489481,-0.07338182628154755,-0.007221105508506298,-0.0034823620226234198,0.011629394255578518,-0.2809736132621765,0.959638774394989
1741201538.7586555,0.00216384744271636,-0.07346206158399582,-0.007220819126814604,-0.0034832386299967766,0.011633085086941719,-0.2809469401836395,0.959646463394165
1741201538.7736585,0.0021221423521637917,-0.07338636368513107,-0.00721386494114995,-0.003468625247478485,0.011647542007267475,-0.28096380829811096,0.9596414566040039
1741201538.7836595,0.0020914513152092695,-0.07332348823547363,-0.007204512134194374,-0.003469033632427454,0.011651034466922283,-0.2809746265411377,0.959638237953186
1741201538.7936616,0.002178276190534234,-0.07343215495347977,-0.007216276600956917,-0.003493254305794835,0.01163391675800085,-0.28098684549331665,0.9596347212791443
1741201538.8086646,0.002141701988875866,-0.07332292944192886,-0.0071948980912566185,-0.0034838414285331964,0.011658002622425556,-0.2809849977493286,0.9596350193023682
1741201538.8136108,0.0021232464350759983,-0.07327675819396973,-0.007187956012785435,-0.0034813552629202604,0.011652692221105099,-0.28099918365478516,0.9596309661865234
1741201538.8186116,0.0021066812332719564,-0.07322880625724792,-0.007179658394306898,-0.0034709800966084003,0.011668248102068901,-0.28098979592323303,0.9596335887908936
1741201538.823613,0.002090567024424672,-0.07317819446325302,-0.007172850426286459,-0.0034866558853536844,0.011675678193569183,-0.2809906601905823,0.9596331715583801
1741201538.8436167,0.0021487914491444826,-0.07322971522808075,-0.00722165172919631,-0.0035090078599750996,0.01166931726038456,-0.28099507093429565,0.9596319198608398
1741201538.8486178,0.002140613505616784,-0.07318361103534698,-0.0072115338407456875,-0.0035014201421290636,0.011681913398206234,-0.28098776936531067,0.9596338868141174
1741201538.858619,0.002230701968073845,-0.07343520224094391,-0.007186526898294687,-0.0034951232373714447,0.011663958430290222,-0.2809622287750244,0.9596415758132935
1741201538.8736217,0.002206487115472555,-0.07333903014659882,-0.007154205814003944,-0.0034927031956613064,0.011664269492030144,-0.28095543384552,0.9596436023712158
1741201538.8836236,0.0021825272124260664,-0.07326307892799377,-0.007140840869396925,-0.003497513011097908,0.01165589690208435,-0.2809534966945648,0.9596442580223083
1741201538.893626,0.0022208308801054955,-0.07347816973924637,-0.007245201617479324,-0.0034874314442276955,0.011674340814352036,-0.28092995285987854,0.959650993347168
1741201538.9186308,0.002125287428498268,-0.0733267217874527,-0.007227971684187651,-0.0034887727815657854,0.011683699674904346,-0.28093504905700684,0.9596493244171143
1741201538.923631,0.0020977333188056946,-0.07328901439905167,-0.007221956271678209,-0.003486350877210498,0.01168354507535696,-0.28093668818473816,0.9596489071846008
1741201538.9286318,0.002256317762658,-0.07353722304105759,-0.007212210446596146,-0.003474415745586157,0.011678200215101242,-0.2809373438358307,0.9596487879753113
1741201538.9336329,0.0022564511746168137,-0.07352743297815323,-0.007205699570477009,-0.0034768579062074423,0.01167241483926773,-0.280926913022995,0.9596518874168396
1741201538.9486358,0.0022334835957735777,-0.07347235828638077,-0.007187035400420427,-0.003465784713625908,0.011671933345496655,-0.2809283435344696,0.959651529788971
1741201538.9636388,0.0021985420025885105,-0.07349760830402374,-0.007159475237131119,-0.003486569505184889,0.01167315524071455,-0.28093937039375305,0.9596482515335083
1741201538.9686399,0.0021831297781318426,-0.07347702980041504,-0.0071450890973210335,-0.003476878395304084,0.011669301427900791,-0.2809394598007202,0.9596483111381531
1741201538.978642,0.002149258041754365,-0.07342029362916946,-0.00710666598752141,-0.0034660035744309425,0.011669578030705452,-0.2809191942214966,0.9596542716026306
1741201538.9936447,0.0022041802294552326,-0.0734732523560524,-0.007192491088062525,-0.003444025991484523,0.011650261469185352,-0.2808913290500641,0.959662675857544
1741201539.0036457,0.0021702563390135765,-0.07340513169765472,-0.007195358630269766,-0.0034420585725456476,0.011634338647127151,-0.2808956801891327,0.959661602973938
1741201539.0486548,0.0022056992165744305,-0.07329387962818146,-0.007218546699732542,-0.003468381939455867,0.011641406454145908,-0.2808580994606018,0.9596725106239319
1741201539.0586557,0.0022052244748920202,-0.07321002334356308,-0.00721146073192358,-0.0034678576048463583,0.011625352315604687,-0.2808361053466797,0.9596790671348572
1741201539.0636568,0.002284994348883629,-0.07348735630512238,-0.007196258753538132,-0.0034469193778932095,0.011632677167654037,-0.28083354234695435,0.9596798419952393
1741201539.073659,0.00228884257376194,-0.07342556118965149,-0.00718837883323431,-0.0034520376939326525,0.011635408736765385,-0.2808187007904053,0.9596841335296631
1741201539.0936627,0.002237507374957204,-0.07348287105560303,-0.0072180768474936485,-0.0034811412915587425,0.011649597436189651,-0.2808321416378021,0.959679901599884
1741201539.0986636,0.0022309015039354563,-0.07345887273550034,-0.00721457926556468,-0.0034775107633322477,0.011641492135822773,-0.2808241546154022,0.9596823453903198
1741201539.1136668,0.0022099947091192007,-0.07337430864572525,-0.007188151124864817,-0.003483646083623171,0.01165691576898098,-0.28082549571990967,0.9596817493438721
1741201539.1236687,0.002195715205743909,-0.07331143319606781,-0.007166602648794651,-0.003478228347375989,0.011676532216370106,-0.280833899974823,0.959679126739502
1741201539.1486728,0.0022269082255661488,-0.07346690446138382,-0.007159939035773277,-0.003464110428467393,0.011656352318823338,-0.28086140751838684,0.9596713185310364
1741201539.1636758,0.0022238995879888535,-0.07355132699012756,-0.0071945833042263985,-0.003460447071120143,0.01164637878537178,-0.28087157011032104,0.9596684575080872
1741201539.1836798,0.0021257728803902864,-0.07344987988471985,-0.007168408017605543,-0.0034420557785779238,0.011664520017802715,-0.28084978461265564,0.9596747159957886
1741201539.1886806,0.0020977428648620844,-0.07341911643743515,-0.007162143476307392,-0.0034415200352668762,0.011668380349874496,-0.2808501720428467,0.9596745371818542
1741201539.203683,0.0022334137465804815,-0.07349345088005066,-0.0072106001898646355,-0.003451838158071041,0.011637866497039795,-0.28086057305336,0.9596717953681946
1741201539.2136848,0.0022427148651331663,-0.07344925403594971,-0.007208842318505049,-0.0034509506076574326,0.01163326296955347,-0.2808527648448944,0.9596741795539856
1741201539.2286878,0.0022087872494012117,-0.07343631237745285,-0.007223591208457947,-0.003459175117313862,0.011619758792221546,-0.2808476686477661,0.9596758484840393
1741201539.2736957,0.0022921208292245865,-0.07337841391563416,-0.007177520543336868,-0.0034733000211417675,0.011635958217084408,-0.2808487117290497,0.9596752524375916
1741201539.2836978,0.00230222474783659,-0.07330464571714401,-0.007152860518544912,-0.0034800968132913113,0.01161937415599823,-0.2808530330657959,0.9596741795539856
1741201539.2987008,0.0022299031261354685,-0.07341539859771729,-0.0072054327465593815,-0.0034801168367266655,0.011593126691877842,-0.28085634112358093,0.9596734642982483
1741201539.3137038,0.0021905750036239624,-0.07331303507089615,-0.007202816661447287,-0.0034901537001132965,0.011612924747169018,-0.2808585464954376,0.9596725702285767
1741201539.3287067,0.0022076000459492207,-0.07350488752126694,-0.007199188694357872,-0.0035118379164487123,0.011617566458880901,-0.28087905049324036,0.9596664309501648
1741201539.3437088,0.0021503439638763666,-0.0734272450208664,-0.007143591530621052,-0.003505869535729289,0.011604050174355507,-0.28087976574897766,0.9596664905548096
1741201539.3637128,0.0021862380672246218,-0.07349798083305359,-0.007220582105219364,-0.0035002161748707294,0.011596182361245155,-0.28086695075035095,0.9596703052520752
1741201539.378716,0.002129943808540702,-0.07342212647199631,-0.0072313882410526276,-0.0034878787118941545,0.011609340086579323,-0.2808825373649597,0.9596655964851379
1741201539.3937187,0.0022228043526411057,-0.0735335424542427,-0.007215462159365416,-0.0034986878745257854,0.011609164997935295,-0.2808856964111328,0.9596647024154663
1741201539.4037206,0.002202329458668828,-0.07348387688398361,-0.007197316735982895,-0.003502531908452511,0.011612359434366226,-0.2808847427368164,0.9596648812294006
1741201539.4187229,0.002166187623515725,-0.07339191436767578,-0.007164039649069309,-0.00348641281016171,0.011612625792622566,-0.28088462352752686,0.9596650004386902
1741201539.4287248,0.0022095281165093184,-0.07345441728830338,-0.007235050201416016,-0.0034957320895045996,0.011623311787843704,-0.2808932662010193,0.9596623182296753
1741201539.443728,0.0021841067355126143,-0.07335148006677628,-0.0072434828616678715,-0.0034935218282043934,0.011614812538027763,-0.28090718388557434,0.9596583247184753
1741201539.4487288,0.0021744121331721544,-0.07330942898988724,-0.007240363862365484,-0.0034958093892782927,0.011614487506449223,-0.2809179723262787,0.9596551656723022
1741201539.4887357,0.002202673116698861,-0.07323135435581207,-0.0072457087226212025,-0.003518742276355624,0.011624098755419254,-0.2809314727783203,0.959650993347168
1741201539.4987378,0.002288117539137602,-0.07346181571483612,-0.0071555390022695065,-0.003524499712511897,0.011596876196563244,-0.2809189260005951,0.9596549868583679
1741201539.5137408,0.002308883937075734,-0.0733843445777893,-0.007106640376150608,-0.0035130400210618973,0.011598823592066765,-0.2809019088745117,0.959659993648529
1741201539.5237427,0.0023202006705105305,-0.07332167774438858,-0.007059643976390362,-0.0035160554107278585,0.01160421222448349,-0.2808988392353058,0.9596608281135559
1741201539.5337448,0.0022333243396133184,-0.07344711571931839,-0.007173007819801569,-0.003530454356223345,0.011601585894823074,-0.28089842200279236,0.9596609473228455
1741201539.5437467,0.0022163153626024723,-0.07338955253362656,-0.007149447686970234,-0.003529622685164213,0.011594025418162346,-0.2808881103992462,0.9596640467643738
1741201539.5537477,0.0021994314156472683,-0.0733264684677124,-0.0071253529749810696,-0.003538689110428095,0.011599279940128326,-0.28088143467903137,0.959665834903717
1741201539.5637498,0.002192927058786154,-0.07345683127641678,-0.007236176636070013,-0.0035531213507056236,0.011626867577433586,-0.2808959186077118,0.9596612453460693
1741201539.6087587,0.00223322375677526,-0.07348975539207458,-0.007177453488111496,-0.0035551590844988823,0.011628455482423306,-0.28085121512413025,0.9596742987632751
1741201539.623761,0.002206729492172599,-0.07340638339519501,-0.007162746042013168,-0.003537590615451336,0.011643130332231522,-0.28084808588027954,0.959675133228302
1741201539.6387637,0.002158974763005972,-0.07340370118618011,-0.00720607303082943,-0.0035208119079470634,0.011637982912361622,-0.28086429834365845,0.9596705436706543
1741201539.6487658,0.0021267917472869158,-0.07332514226436615,-0.00719329621642828,-0.0035179986152797937,0.011647142469882965,-0.2808549702167511,0.9596731066703796
1741201539.6537669,0.0021094002295285463,-0.07328137755393982,-0.007190309930592775,-0.0035135627258569,0.011635808274149895,-0.2808586061000824,0.959672212600708
1741201539.658768,0.0020929111633449793,-0.07323568314313889,-0.007184555288404226,-0.003514458891004324,0.01163233071565628,-0.28085339069366455,0.9596737623214722
1741201539.6737707,0.0021803206764161587,-0.0733644887804985,-0.007206631824374199,-0.0035295721609145403,0.011638152413070202,-0.2808302938938141,0.959680438041687
1741201539.6787717,0.0021669829729944468,-0.07332279533147812,-0.007198447361588478,-0.0035293451510369778,0.011633196845650673,-0.28082454204559326,0.9596821069717407
1741201539.683773,0.002154246438294649,-0.07327906042337418,-0.007190146017819643,-0.003532118396833539,0.011628442443907261,-0.2808223068714142,0.959682822227478
1741201539.7087767,0.002284181769937277,-0.07344003021717072,-0.00721265934407711,-0.003537889337167144,0.011637494899332523,-0.2808191478252411,0.9596835970878601
1741201539.7187788,0.0022846627980470657,-0.07337084412574768,-0.007200419902801514,-0.003548611653968692,0.011633960530161858,-0.2808373272418976,0.9596783518791199
1741201539.72378,0.002284649293869734,-0.07333160191774368,-0.00719505175948143,-0.0035437862388789654,0.011637788265943527,-0.2808377742767334,0.9596782326698303
1741201539.7287807,0.0022856099531054497,-0.07350701838731766,-0.0071876393631100655,-0.0035562601406127214,0.01163062360137701,-0.28084811568260193,0.9596751928329468
1741201539.7387826,0.0022799621801823378,-0.07343996316194534,-0.00719197653234005,-0.003562178695574403,0.01163866464048624,-0.2808515131473541,0.9596740007400513
1741201539.7437837,0.002275903942063451,-0.0734010562300682,-0.007192911114543676,-0.003559066681191325,0.011650514788925648,-0.2808486819267273,0.9596747756004333
1741201539.7487848,0.0022709015756845474,-0.07336027920246124,-0.007182818837463856,-0.0035661053843796253,0.011644696816802025,-0.28085580468177795,0.9596726894378662
1741201539.758787,0.002259651431813836,-0.07348960638046265,-0.007191983982920647,-0.0035630222409963608,0.011655835434794426,-0.28085923194885254,0.9596716165542603
1741201539.7737887,0.0022265897132456303,-0.07338321208953857,-0.007163332775235176,-0.003553178394213319,0.011667948216199875,-0.28085342049598694,0.9596732258796692
1741201539.77879,0.002208600053563714,-0.07333885133266449,-0.007146845106035471,-0.0035603719297796488,0.011668633669614792,-0.28085723519325256,0.9596720933914185
1741201539.7837908,0.0021943531464785337,-0.07330109179019928,-0.007142250891774893,-0.003554818220436573,0.011667195707559586,-0.28084325790405273,0.959676206111908
1741201539.788792,0.0021744256373494864,-0.07325576990842819,-0.007133069913834333,-0.003555638948455453,0.01167041901499033,-0.28085798025131226,0.9596718549728394
1741201539.7937927,0.0022222367115318775,-0.07351899892091751,-0.00718724774196744,-0.003553906222805381,0.011647086590528488,-0.2808631658554077,0.9596705436706543
1741201539.808796,0.0021752812899649143,-0.07344657182693481,-0.007176379673182964,-0.0035468856804072857,0.011654620990157127,-0.28086715936660767,0.9596693515777588
1741201539.8337996,0.0021349512971937656,-0.07345787435770035,-0.007172660902142525,-0.003549265442416072,0.011669173836708069,-0.280872642993927,0.9596676230430603
1741201539.838801,0.0021061834413558245,-0.07342683523893356,-0.007162152789533138,-0.003544434206560254,0.011676480062305927,-0.28086042404174805,0.9596710801124573
1741201539.8538039,0.0020137885585427284,-0.07332534343004227,-0.007130273152142763,-0.00353898573666811,0.011663374491035938,-0.2808346748352051,0.9596788287162781
1741201539.8638058,0.002226627664640546,-0.07353480160236359,-0.007156831212341785,-0.003534104209393263,0.011648852378129959,-0.2808237671852112,0.9596821665763855
1741201539.873808,0.0021962260361760855,-0.07348347455263138,-0.007141690701246262,-0.003525414736941457,0.011646699160337448,-0.2808225452899933,0.9596825838088989
1741201539.8788087,0.002185422694310546,-0.07345771044492722,-0.007126654032617807,-0.003525126026943326,0.011645411141216755,-0.28081125020980835,0.9596859216690063
1741201539.8838098,0.0021696442272514105,-0.07342683523893356,-0.007110323756933212,-0.0035267272032797337,0.011643045581877232,-0.2808079719543457,0.9596869349479675
1741201539.8938107,0.0022646591532975435,-0.07353942841291428,-0.007176748011261225,-0.003522019600495696,0.01163609977811575,-0.280829519033432,0.9596806764602661
1741201539.9138148,0.0022398417349904776,-0.07342198491096497,-0.007162555120885372,-0.003521423786878586,0.011631510220468044,-0.2808499336242676,0.9596747756004333
1741201539.9238167,0.0022317548282444477,-0.0733490064740181,-0.0071394494734704494,-0.0035289055667817593,0.011641252785921097,-0.28084442019462585,0.959676206111908
1741201539.93882,0.002276128623634577,-0.07344312220811844,-0.007195565849542618,-0.003516141325235367,0.011628546752035618,-0.2808677852153778,0.9596696496009827
1741201539.9438207,0.0022738580591976643,-0.07340618968009949,-0.0071897623129189014,-0.0035091089084744453,0.011641459539532661,-0.28086432814598083,0.9596704244613647
1741201539.9488218,0.0022713111247867346,-0.07336602360010147,-0.007182260509580374,-0.0035138174425810575,0.011620692908763885,-0.2808617353439331,0.9596714973449707
1741201539.958823,0.002263204660266638,-0.07349307835102081,-0.007193903438746929,-0.003507902380079031,0.011627488769590855,-0.28085923194885254,0.9596721529960632
1741201539.9638238,0.00225683837197721,-0.07346098124980927,-0.007185306865721941,-0.003516957862302661,0.011645753867924213,-0.2808573842048645,0.9596723914146423
1741201539.9788268,0.0022261629346758127,-0.07334209978580475,-0.00713998731225729,-0.003516349010169506,0.011654279194772243,-0.2808646261692047,0.9596702456474304
1741201539.9838278,0.0022153400350362062,-0.0732971802353859,-0.007128193508833647,-0.003531156573444605,0.011658607982099056,-0.28087013959884644,0.9596685171127319
1741201539.9988308,0.002235453575849533,-0.07346421480178833,-0.007155296392738819,-0.0035328236408531666,0.011625588871538639,-0.2808822691440582,0.9596653580665588
1741201540.0138338,0.0021964998450130224,-0.07336737960577011,-0.00710748927667737,-0.0035539662931114435,0.011610030196607113,-0.2808822691440582,0.9596654772758484
1741201540.023836,0.0021482496522367,-0.0732840746641159,-0.007075553294271231,-0.003558133961632848,0.01159494835883379,-0.28090599179267883,0.959658682346344
1741201540.0338368,0.0021790480241179466,-0.07345996052026749,-0.007222339510917664,-0.003557719988748431,0.01159585453569889,-0.28090333938598633,0.9596595168113708
1741201540.0538409,0.0021039466373622417,-0.07334992289543152,-0.00720178009942174,-0.003538147546350956,0.011605830863118172,-0.2808976173400879,0.9596611261367798
1741201540.058842,0.0020806449465453625,-0.0733175277709961,-0.007193270605057478,-0.003538727294653654,0.0116128483787179,-0.2808871865272522,0.9596641063690186
1741201540.0638428,0.002201508032158017,-0.07350441813468933,-0.00719157001003623,-0.003525449661538005,0.011595693416893482,-0.28090348839759827,0.9596594572067261
1741201540.0738447,0.002203015610575676,-0.07347656786441803,-0.007161280140280724,-0.0035179483238607645,0.011585756205022335,-0.28091198205947876,0.9596571326255798
1741201540.0838468,0.0021930725779384375,-0.07343682646751404,-0.007145335897803307,-0.003520043333992362,0.011579359881579876,-0.28091540932655334,0.9596562385559082
1741201540.093849,0.0022075828164815903,-0.07348956912755966,-0.007223655469715595,-0.0035295910201966763,0.011578883975744247,-0.28091126680374146,0.9596574306488037
1741201540.1088507,0.0021890243515372276,-0.07340887188911438,-0.007208258844912052,-0.0035401477944105864,0.011573335155844688,-0.28091734647750854,0.9596557021141052
1741201540.1188529,0.0021770549938082695,-0.07334413379430771,-0.007191919721662998,-0.0035353105049580336,0.011578543111681938,-0.28090402483940125,0.9596595168113708
1741201540.123854,0.0021722568199038506,-0.07330884039402008,-0.007181367836892605,-0.0035318511072546244,0.011565161868929863,-0.2809049189090729,0.9596594572067261
1741201540.1388566,0.0022660742979496717,-0.0734315812587738,-0.0071640913374722,-0.0035333274863660336,0.011572524905204773,-0.280909925699234,0.9596578478813171
1741201540.1488588,0.0022728063631802797,-0.07336685806512833,-0.007159908302128315,-0.003533348673954606,0.011559608392417431,-0.28090307116508484,0.9596601128578186
1741201540.1688616,0.0022455239668488503,-0.07340994477272034,-0.007237652782350779,-0.003537760814651847,0.011551632545888424,-0.28091952204704285,0.9596552848815918
1741201540.1838648,0.002236991887912154,-0.07329782843589783,-0.007207996211946011,-0.0035278317518532276,0.011541618034243584,-0.2809234857559204,0.9596542716026306
1741201540.1938667,0.0023216959089040756,-0.07356404513120651,-0.007166190538555384,-0.003543301485478878,0.011565517634153366,-0.28090640902519226,0.9596589207649231
1741201540.20887,0.0023043726105242968,-0.07348625361919403,-0.007133174687623978,-0.003545517334714532,0.011573852971196175,-0.2809145450592041,0.9596564769744873
1741201540.2138708,0.002296459162607789,-0.07345617562532425,-0.0071230316534638405,-0.0035406709648668766,0.01157466135919094,-0.2809140980243683,0.9596565961837769
1741201540.2288737,0.0021930274087935686,-0.07346896082162857,-0.007207826245576143,-0.0035533530171960592,0.01156642660498619,-0.28092503547668457,0.9596534967422485
1741201540.238875,0.0021479930728673935,-0.07340580224990845,-0.007190473843365908,-0.0035599812399595976,0.011544308625161648,-0.2809222638607025,0.9596544504165649
1741201540.2488768,0.0021017822436988354,-0.07333818078041077,-0.007173485122621059,-0.00356322736479342,0.011529354378581047,-0.28091225028038025,0.959657609462738
1741201540.2888846,0.0020577223040163517,-0.07335593551397324,-0.0072226570919156075,-0.0035471648443490267,0.011526824906468391,-0.28089773654937744,0.9596620202064514
1741201540.298887,0.002288734307512641,-0.07357259094715118,-0.007204737048596144,-0.003549609798938036,0.011504790745675564,-0.2809038758277893,0.9596604108810425
1741201540.3138888,0.00229852763004601,-0.0735192820429802,-0.00719111505895853,-0.0035557057708501816,0.01151240523904562,-0.2808869481086731,0.9596652984619141
1741201540.3238907,0.0023093000054359436,-0.07347150146961212,-0.007188678719103336,-0.0035562317352741957,0.01153445616364479,-0.28090542554855347,0.9596595764160156
1741201540.338894,0.0022414170671254396,-0.07342218607664108,-0.0071763526648283005,-0.003559419885277748,0.011532565578818321,-0.2808968722820282,0.9596620798110962
1741201540.3538966,0.002206049859523773,-0.07328783720731735,-0.007153256796300411,-0.0035728083457797766,0.011554661206901073,-0.2808827757835388,0.9596659541130066
1741201540.363899,0.0022104154340922832,-0.07342207431793213,-0.00724378926679492,-0.0035643659066408873,0.011557372286915779,-0.2808670103549957,0.9596705436706543
1741201540.3738997,0.0021814191713929176,-0.07333973795175552,-0.007247560657560825,-0.0035570187028497458,0.011564135551452637,-0.28085795044898987,0.9596731066703796
1741201540.393904,0.002190377563238144,-0.07344920933246613,-0.007254722528159618,-0.0035500291269272566,0.011554061435163021,-0.2808809280395508,0.9596665501594543
1741201540.4039059,0.00215545273385942,-0.07337954640388489,-0.0072547984309494495,-0.0035439033526927233,0.011555971577763557,-0.2808927595615387,0.9596630334854126
1741201540.4089067,0.0021340856328606606,-0.07333911955356598,-0.0072585525922477245,-0.0035481948871165514,0.011550514958798885,-0.2808826267719269,0.9596660733222961
1741201540.42391,0.002070792717859149,-0.07320716977119446,-0.007262306287884712,-0.0035360525362193584,0.011553673073649406,-0.2808913588523865,0.9596635699272156
1741201540.4389129,0.002205126453191042,-0.07341594994068146,-0.0071962070651352406,-0.0035420111380517483,0.011557474732398987,-0.2808932065963745,0.959662914276123
1741201540.4439127,0.0021939584985375404,-0.07338573038578033,-0.007191195152699947,-0.0035371691919863224,0.011546594090759754,-0.2808915674686432,0.9596635699272156
1741201540.4539149,0.0021729429718106985,-0.07332704961299896,-0.007172387093305588,-0.0035423424560576677,0.011553007178008556,-0.2808952331542969,0.9596623778343201
1741201540.4789197,0.0022372244857251644,-0.07346554845571518,-0.007227489259094,-0.0035418758634477854,0.011546237394213676,-0.2809291481971741,0.9596525430679321
1741201540.4889219,0.0022238977253437042,-0.073409304022789,-0.007209437433630228,-0.003528713481500745,0.011548935435712337,-0.2809407114982605,0.9596491456031799
1741201540.508925,0.0022593492176383734,-0.07343840599060059,-0.007142728194594383,-0.0035375438164919615,0.011567112058401108,-0.2809109687805176,0.9596576690673828
1741201540.5139258,0.00225780694745481,-0.07340870797634125,-0.007123969960957766,-0.0035353226121515036,0.011574260890483856,-0.2809085249900818,0.9596582055091858
1741201540.5189269,0.002255219966173172,-0.07337646931409836,-0.0071051097474992275,-0.0035464440006762743,0.011577324941754341,-0.2808968126773834,0.959661602973938
1741201540.5289288,0.0022045483347028494,-0.07344802469015121,-0.007200670428574085,-0.00355056906118989,0.011575722135603428,-0.28088685870170593,0.959664523601532
1741201540.5389307,0.002178728114813566,-0.07338259369134903,-0.007168962620198727,-0.00354790105484426,0.011573472060263157,-0.2808695137500763,0.9596696496009827
1741201540.5539339,0.0021229388657957315,-0.07325919717550278,-0.007116870954632759,-0.003544464474543929,0.011571716517210007,-0.28087684512138367,0.9596675634384155
1741201540.5639358,0.002242432674393058,-0.07349103689193726,-0.0071935285814106464,-0.003550552297383547,0.011568601243197918,-0.2808907926082611,0.959663450717926
1741201540.5789378,0.0022265815641731024,-0.07340575009584427,-0.007182334549725056,-0.003565408755093813,0.011586211621761322,-0.28088709712028503,0.9596642851829529
1741201540.5889397,0.0022147144190967083,-0.0733378529548645,-0.0071510132402181625,-0.0035582836717367172,0.011597310192883015,-0.2808676064014435,0.9596698880195618
1741201540.6039429,0.002228386700153351,-0.07344809919595718,-0.007215339690446854,-0.0035259968135505915,0.01158833410590887,-0.2808298170566559,0.9596811532974243
1741201540.608944,0.0022162506356835365,-0.07341879606246948,-0.007213815581053495,-0.0035256273113191128,0.011588792316615582,-0.28083470463752747,0.9596797227859497
1741201540.6139448,0.002202692674472928,-0.0733877643942833,-0.007211495190858841,-0.003523726249113679,0.011585783213376999,-0.2808278501033783,0.9596818089485168
1741201540.6339486,0.0022733102086931467,-0.07354598492383957,-0.007227239664644003,-0.0035417606122791767,0.011569120921194553,-0.28085505962371826,0.9596739411354065
1741201540.643951,0.0022754278033971786,-0.07351640611886978,-0.0072315712459385395,-0.0035424574743956327,0.01157359778881073,-0.2808414697647095,0.9596778750419617
1741201540.6539516,0.002275122096762061,-0.07347766309976578,-0.007212196011096239,-0.0035429319832473993,0.011562512256205082,-0.28085511922836304,0.9596740007400513
1741201540.6689548,0.0021865933667868376,-0.073466956615448,-0.007204631809145212,-0.0035484242253005505,0.01154341734945774,-0.28087010979652405,0.959669828414917
1741201540.6839578,0.0021186021622270346,-0.07335666567087173,-0.0071886335499584675,-0.0035507958382368088,0.011534927412867546,-0.28086769580841064,0.9596706032752991
1741201540.6939597,0.002206047298386693,-0.07347730547189713,-0.007237653713673353,-0.003541321726515889,0.01153403241187334,-0.28087326884269714,0.9596690535545349
1741201540.7439687,0.0021604555658996105,-0.07337390631437302,-0.0072369822300970554,-0.003554350696504116,0.0115083958953619,-0.2808653712272644,0.9596715569496155
1741201540.7539706,0.0021372586488723755,-0.07330234348773956,-0.007236787583678961,-0.003557321149855852,0.011508741416037083,-0.28086844086647034,0.9596706628799438
1741201540.7639728,0.0022716792300343513,-0.07351352274417877,-0.007205701433122158,-0.0035610487684607506,0.011505945585668087,-0.2808662950992584,0.9596713781356812
1741201540.7839768,0.002274100435897708,-0.07341194152832031,-0.007144262082874775,-0.0035725566558539867,0.011479603126645088,-0.280856192111969,0.9596745371818542
1741201540.8039799,0.00227299053221941,-0.07346508651971817,-0.00717411981895566,-0.003568947548046708,0.011467364616692066,-0.2808511555194855,0.959676206111908
1741201540.8139818,0.0022601771634072065,-0.07339592278003693,-0.0071599544025957584,-0.003578151809051633,0.011462738737463951,-0.28085798025131226,0.9596742391586304
1741201540.8739927,0.002192487707361579,-0.07340958714485168,-0.007253567222505808,-0.0035776139702647924,0.011479952372610569,-0.28084444999694824,0.9596779346466064
1741201540.8839948,0.002168228616937995,-0.0733390599489212,-0.007252916693687439,-0.0035885428078472614,0.011472349986433983,-0.28085440397262573,0.959675133228302
1741201540.8989978,0.0021914327517151833,-0.07346265763044357,-0.007193050812929869,-0.0035740796010941267,0.01146327331662178,-0.2808574140071869,0.9596744179725647
1741201540.914001,0.0021400891710072756,-0.07336747646331787,-0.0071825603954494,-0.003583807498216629,0.011470247060060501,-0.28085678815841675,0.9596745371818542
1741201540.9190018,0.0021219784393906593,-0.07333246618509293,-0.007178131490945816,-0.0035805844236165285,0.01146865263581276,-0.2808654010295868,0.9596719145774841
1741201540.9340038,0.0022022544872015715,-0.07348345965147018,-0.007238687481731176,-0.00357265118509531,0.011475229635834694,-0.2808881998062134,0.9596652984619141
1741201540.939005,0.0021822142880409956,-0.07345376163721085,-0.00724019855260849,-0.003560301149263978,0.011466901749372482,-0.28089189529418945,0.9596643447875977
1741201540.9590087,0.0022074179723858833,-0.07349485158920288,-0.0072416868060827255,-0.0035841427743434906,0.01149124838411808,-0.28089049458503723,0.9596642851829529
1741201540.974012,0.002157456474378705,-0.0734071433544159,-0.007237138692289591,-0.003578606527298689,0.011495626531541348,-0.2809351682662964,0.9596512913703918
1741201540.979013,0.0021313459146767855,-0.0733688473701477,-0.00723532447591424,-0.003580133430659771,0.011500515043735504,-0.28092077374458313,0.9596554040908813
1741201540.9840138,0.002096116077154875,-0.07332329452037811,-0.007227943278849125,-0.003582049859687686,0.011505240574479103,-0.28093641996383667,0.9596508145332336
1741201540.9890149,0.0020642203744500875,-0.07327862828969955,-0.00722216721624136,-0.0035812167916446924,0.011504638008773327,-0.28092101216316223,0.959655225276947
1741201540.9940157,0.0021554140839725733,-0.07344559580087662,-0.007215361576527357,-0.0035841569770127535,0.01151676569133997,-0.28094205260276794,0.9596489667892456
1741201541.009018,0.002064074855297804,-0.07332257926464081,-0.007144497241824865,-0.0035795432049781084,0.01152037177234888,-0.2809303402900696,0.9596523642539978
1741201541.0140188,0.0020346371456980705,-0.07327890396118164,-0.007120824418962002,-0.003588422667235136,0.01151320431381464,-0.28093382716178894,0.9596513509750366
1741201541.0190198,0.0020100120455026627,-0.07323655486106873,-0.007110226433724165,-0.0035768882371485233,0.011517609469592571,-0.28092989325523376,0.9596525430679321
1741201541.0240207,0.00198172964155674,-0.07318980991840363,-0.007092054933309555,-0.003589953063055873,0.011519140563905239,-0.28094756603240967,0.9596472978591919
1741201541.0290217,0.0022702652495354414,-0.0735493078827858,-0.007189535535871983,-0.0035673354286700487,0.01152363047003746,-0.28093263506889343,0.9596517086029053
1741201541.044025,0.002238222863525152,-0.07345906645059586,-0.007144884206354618,-0.0035845714155584574,0.011522090062499046,-0.2809368371963501,0.9596503973007202
1741201541.0640287,0.0022877135779708624,-0.07350172102451324,-0.007219742983579636,-0.0035630895290523767,0.011510784737765789,-0.2809440493583679,0.9596484899520874
1741201541.0690289,0.0022814322728663683,-0.07346943765878677,-0.007213115226477385,-0.003565938910469413,0.011511196382343769,-0.28094813227653503,0.9596472978591919
1741201541.0790308,0.002266724593937397,-0.07339798659086227,-0.007194936275482178,-0.003580658230930567,0.01151339802891016,-0.2809504568576813,0.9596465826034546
1741201541.0840318,0.002259334549307823,-0.07335922122001648,-0.0071854195557534695,-0.003582154167816043,0.011502849869430065,-0.28094395995140076,0.959648609161377
1741201541.1090367,0.0022818753495812416,-0.07342580705881119,-0.00719715841114521,-0.0035721182357519865,0.011503411456942558,-0.28092828392982483,0.9596531391143799
1741201541.1190388,0.0022736999671906233,-0.07335866242647171,-0.007177878171205521,-0.003559747477993369,0.01150154322385788,-0.2809411287307739,0.9596495032310486
1741201541.1290398,0.0022339571733027697,-0.07348467409610748,-0.0072707366198301315,-0.0035502268001437187,0.011508512310683727,-0.28095439076423645,0.9596455693244934
1741201541.139042,0.0022133486345410347,-0.07342273741960526,-0.0072793858125805855,-0.0035508146975189447,0.011498240754008293,-0.28096896409988403,0.9596414566040039
1741201541.1540449,0.0021791639737784863,-0.07330914586782455,-0.007287205196917057,-0.003550977446138859,0.011505228467285633,-0.2809654176235199,0.9596424102783203
1741201541.159046,0.0022023192141205072,-0.07343296706676483,-0.007255020551383495,-0.0035539325326681137,0.011528310365974903,-0.280958890914917,0.9596439599990845
1741201541.1790497,0.002139563439413905,-0.07327686250209808,-0.007232838310301304,-0.0035510596353560686,0.011543996632099152,-0.28094562888145447,0.9596477746963501
1741201541.1890519,0.0021077257115393877,-0.0731864720582962,-0.007214311044663191,-0.003558168187737465,0.01154998131096363,-0.28095364570617676,0.9596452713012695
1741201541.194053,0.0022255880758166313,-0.0734495148062706,-0.007206901907920837,-0.0035504749976098537,0.011547459289431572,-0.2809269428253174,0.9596531391143799
1741201541.2040539,0.0022014465648680925,-0.07338455319404602,-0.00717979995533824,-0.0035432609729468822,0.011560925282537937,-0.2809298038482666,0.9596521854400635
1741201541.2140558,0.002174199791625142,-0.0733097642660141,-0.007147993426769972,-0.0035438162740319967,0.011557923629879951,-0.2809358835220337,0.9596503973007202
1741201541.2190568,0.0021582450717687607,-0.07326798141002655,-0.00713094649836421,-0.003551438683643937,0.011560834012925625,-0.28094249963760376,0.9596483707427979
1741201541.224058,0.0021414293441921473,-0.07322577387094498,-0.00711572403088212,-0.0035535728093236685,0.0115634361281991,-0.2809567451477051,0.9596441984176636
1741201541.2290587,0.0022082715295255184,-0.073460653424263,-0.007232759613543749,-0.0035402311477810144,0.01156490109860897,-0.28097301721572876,0.9596394896507263
1741201541.2390606,0.0021914003882557154,-0.07341344654560089,-0.007213199511170387,-0.003548217238858342,0.011554088443517685,-0.2809739410877228,0.959639310836792
1741201541.249063,0.002166170859709382,-0.07335559278726578,-0.007193889003247023,-0.003550026100128889,0.01155879721045494,-0.28096023201942444,0.9596432447433472
1741201541.2540638,0.0021450729109346867,-0.07331933081150055,-0.00719098886474967,-0.0035429613199084997,0.011557511053979397,-0.2809586226940155,0.9596437811851501
1741201541.259065,0.0021899286657571793,-0.07346593588590622,-0.007244086358696222,-0.0035377470776438713,0.011559917591512203,-0.2809669077396393,0.9596413373947144
1741201541.28907,0.00207699672318995,-0.0732826516032219,-0.007241027429699898,-0.003522268496453762,0.011557541787624359,-0.2809531092643738,0.9596454501152039
1741201541.2940707,0.0021789120510220528,-0.0734613835811615,-0.00723454263061285,-0.003524637781083584,0.011555197648704052,-0.2809409499168396,0.9596490859985352
1741201541.309074,0.002130767796188593,-0.07337820529937744,-0.007229260168969631,-0.003523837774991989,0.011542908847332,-0.28092625737190247,0.9596534967422485
1741201541.314075,0.002111920155584812,-0.0733455941081047,-0.007222387474030256,-0.003518713405355811,0.011536046862602234,-0.28091710805892944,0.959656298160553
1741201541.3190758,0.0020923749543726444,-0.07330918312072754,-0.0072148325853049755,-0.0035183357540518045,0.011543751694262028,-0.2809113562107086,0.9596578478813171
1741201541.3290777,0.0022238586097955704,-0.07349347323179245,-0.00726488558575511,-0.003522599348798394,0.011550653725862503,-0.28090614080429077,0.9596593379974365
1741201541.3490624,0.002197181573137641,-0.07339024543762207,-0.007296055089682341,-0.0035070583689957857,0.01155257411301136,-0.2809034585952759,0.9596601128578186
1741201541.3540633,0.002190463710576296,-0.07335968315601349,-0.007302738260477781,-0.003520166501402855,0.011559918522834778,-0.2809072732925415,0.9596589207649231
1741201541.3690665,0.0022352952510118484,-0.07345400750637054,-0.007271567825227976,-0.0035380376502871513,0.011566986329853535,-0.2809094786643982,0.9596580862998962
1741201541.3740675,0.0022256451193243265,-0.07342388480901718,-0.007269386667758226,-0.0035474752075970173,0.011560694314539433,-0.2809044420719147,0.9596596360206604
1741201541.3840694,0.002208495046943426,-0.07335932552814484,-0.007265828549861908,-0.003555882256478071,0.011553846299648285,-0.28090986609458923,0.9596580862998962
1741201541.4090734,0.002206348115578294,-0.0734214186668396,-0.007184281945228577,-0.0035409913398325443,0.011530375108122826,-0.2808625400066376,0.9596722722053528
1741201541.4190753,0.0021735969930887222,-0.07334178686141968,-0.0071561443619430065,-0.0035568487364798784,0.011517580598592758,-0.2808642089366913,0.9596717953681946
1741201541.4240763,0.0021550843957811594,-0.07329684495925903,-0.007141913287341595,-0.0035620371345430613,0.01151894498616457,-0.2808619737625122,0.9596724510192871
1741201541.4290771,0.002276127226650715,-0.07351065427064896,-0.007237098645418882,-0.0035490922164171934,0.011530614458024502,-0.28087639808654785,0.9596681594848633
1741201541.4390795,0.0022595638874918222,-0.07344656437635422,-0.007227430585771799,-0.0035406826063990593,0.011535738594830036,-0.2808743119239807,0.959668755531311
1741201541.4540823,0.002208191901445389,-0.07332150638103485,-0.007214674260467291,-0.003539281664416194,0.011562342755496502,-0.2808956801891327,0.959662139415741
1741201541.4640844,0.002216767054051161,-0.07346910238265991,-0.007206193171441555,-0.003537428332492709,0.011552718468010426,-0.28089532256126404,0.9596623778343201
1741201541.4840872,0.0021417499519884586,-0.0733175203204155,-0.0071688988246023655,-0.0035298450384289026,0.011536873877048492,-0.2809028625488281,0.9596604108810425
